side,joint_index_0based,joint_name,max_abs_delta_rad,p95_abs_delta_rad,anomaly_count
left,0,thumb_CMC_FE,0.0,0.0,0
left,1,thumb_CMC_AA,0.0,0.0,0
left,2,thumb_MCP_FE,0.0,0.0,0
left,3,thumb_MCP_AA,0.0,0.0,0
left,4,thumb_IP,0.0,0.0,0
left,5,index_MCP_FE,0.01046825881209723,6.418092178341327e-05,0
left,6,index_MCP_AA,0.0,0.0,0
left,7,index_PIP,9.537233816514501e-05,5.391534900140992e-05,0
left,8,index_DIP,4.480596332856468e-05,2.5329452928085632e-05,0
left,9,middle_MCP_FE,0.0,0.0,0
left,10,middle_MCP_AA,0.0,0.0,0
left,11,middle_PIP,0.0,0.0,0
left,12,middle_DIP,0.0,0.0,0
left,13,ring_MCP_FE,0.0,0.0,0
left,14,ring_MCP_AA,0.0,0.0,0
left,15,ring_PIP,0.0,0.0,0
left,16,ring_DIP,0.0,0.0,0
left,17,pinky_CMC,0.2618,0.0,1
left,18,pinky_MCP_FE,1.5708,0.0,1
left,19,pinky_MCP_AA,0.44,0.0,1
left,20,pinky_PIP,0.00020898628815813058,0.0001422367793309065,0
left,21,pinky_DIP,9.818184332532898e-05,6.682289688196563e-05,0
right,0,thumb_CMC_FE,0.00038168372546834584,0.0003186564125977661,0
right,1,thumb_CMC_AA,0.0,0.0,0
right,2,thumb_MCP_FE,0.0,0.0,0
right,3,thumb_MCP_AA,0.0,0.0,0
right,4,thumb_IP,0.0,0.0,0
right,5,index_MCP_FE,0.01052088783410643,6.334074191285677e-05,0
right,6,index_MCP_AA,0.0,0.0,0
right,7,index_PIP,0.0003613790843599307,0.0002240970325889685,0
right,8,index_DIP,0.00016977604107133726,0.00010528087721561399,0
right,9,middle_MCP_FE,0.0,0.0,0
right,10,middle_MCP_AA,0.0,0.0,0
right,11,middle_PIP,0.0,0.0,0
right,12,middle_DIP,0.0,0.0,0
right,13,ring_MCP_FE,0.010472000000000009,0.0,0
right,14,ring_MCP_AA,0.0,0.0,0
right,15,ring_PIP,9.346117820596689e-05,4.068188490427698e-05,0
right,16,ring_DIP,5.708052948086295e-05,2.4846075934342736e-05,0
right,17,pinky_CMC,0.0,0.0,0
right,18,pinky_MCP_FE,0.010472000000000009,0.0,0
right,19,pinky_MCP_AA,0.0,0.0,0
right,20,pinky_PIP,0.00012923823063321072,6.601435540734693e-05,0
right,21,pinky_DIP,6.071617340787372e-05,3.1013571067056005e-05,0
