side,joint_index_0based,joint_name,samples,max_abs_delta_rad,p50_abs_delta_rad,p95_abs_delta_rad,p99_abs_delta_rad,p99_9_abs_delta_rad,anomaly_count
left,0,thumb_CMC_FE,3940,0.0,0.0,0.0,0.0,0.0,0
left,1,thumb_CMC_AA,3940,0.0,0.0,0.0,0.0,0.0,0
left,2,thumb_MCP_FE,3940,0.0,0.0,0.0,0.0,0.0,0
left,3,thumb_MCP_AA,3940,0.0,0.0,0.0,0.0,0.0,0
left,4,thumb_IP,3940,0.3916542382144087,0.0,8.264692140146916e-06,0.00044318047772617795,0.10483082630308932,5
left,5,index_MCP_FE,3940,0.052360000000000004,0.0,0.0,0.0,0.011110792000006333,0
left,6,index_MCP_AA,3940,0.0,0.0,0.0,0.0,0.0,0
left,7,index_PIP,3940,0.0,0.0,0.0,0.0,0.0,0
left,8,index_DIP,3940,0.0,0.0,0.0,0.0,0.0,0
left,9,middle_MCP_FE,3940,0.32252791461023134,0.0,0.00018301096043766814,0.010490499198613529,0.07432124987322235,3
left,10,middle_MCP_AA,3940,0.36,0.0,0.0,0.0,0.0,1
left,11,middle_PIP,3940,0.012645020712619692,1.3304384785250978e-05,5.14858002377022e-05,0.0005445297139906675,0.007635561860458908,0
left,12,middle_DIP,3940,0.0068647347979386986,7.2226906760730625e-06,2.7950635473338025e-05,0.0002956145475043084,0.004145197417746787,0
left,13,ring_MCP_FE,3940,0.0,0.0,0.0,0.0,0.0,0
left,14,ring_MCP_AA,3940,0.004453949205661695,4.7785279659873225e-05,0.00010199634897588362,0.00011665748908562746,0.004393573859544397,0
left,15,ring_PIP,3940,0.09732448317564206,3.178967347609862e-05,8.83679656088876e-05,0.0005271930601174407,0.033685688173096626,0
left,16,ring_DIP,3940,0.059440006404300846,1.941524201676259e-05,5.3969898121629385e-05,0.0003219781687731074,0.02057321503704904,0
left,17,pinky_CMC,3940,0.0,0.0,0.0,0.0,0.0,0
left,18,pinky_MCP_FE,3940,0.125664,0.0,0.0,0.0,0.017850595529178385,1
left,19,pinky_MCP_AA,3940,0.0,0.0,0.0,0.0,0.0,0
left,20,pinky_PIP,3940,0.05866530700507475,0.0,0.0,0.0,0.028859295667032932,0
left,21,pinky_DIP,3940,0.02756098513337072,0.0,0.0,0.0,0.013558108862702123,0
right,0,thumb_CMC_FE,3939,0.0,0.0,0.0,0.0,0.0,0
right,1,thumb_CMC_AA,3939,0.25,0.0,0.0,0.0,0.0,1
right,2,thumb_MCP_FE,3939,0.028987917953659313,0.0,0.0,0.0,0.0,0
right,3,thumb_MCP_AA,3939,0.0,0.0,0.0,0.0,0.0,0
right,4,thumb_IP,3939,0.6980434979653559,0.0001448105531270949,0.007120592379520639,0.1702440327117239,0.6545304313560343,60
right,5,index_MCP_FE,3939,0.136136,0.0,0.010471999999999981,0.02613768600474831,0.08502291920285425,2
right,6,index_MCP_AA,3939,0.22689128687180599,0.0,0.0,0.0,0.0,1
right,7,index_PIP,3939,0.7138597743124819,2.56310033575069e-05,0.00020477737299851018,0.017064037285197453,0.457668938782604,25
right,8,index_DIP,3939,0.335371612824523,1.2070149913667727e-05,9.678059190761918e-05,0.009087088626540844,0.26094662997357004,15
right,9,middle_MCP_FE,3939,0.15577102930660747,0.0,0.004927051646940145,0.02094399999999999,0.07738931054690752,1
right,10,middle_MCP_AA,3939,0.1856383256223867,0.0,0.0,0.0,0.0,1
right,11,middle_PIP,3939,0.48499658543131097,2.7776450226502103e-05,0.0007044454062326979,0.00744312304864438,0.11219865231216014,5
right,12,middle_DIP,3939,0.2632951746428581,1.5079292376513065e-05,0.0003824296537994348,0.00404072614498573,0.06091045719208964,1
right,13,ring_MCP_FE,3939,0.21884018784368992,0.0,0.0082974000149594,0.028016466590861835,0.1211409251518842,6
right,14,ring_MCP_AA,3939,0.0,0.0,0.0,0.0,0.0,0
right,15,ring_PIP,3939,0.6511465153646339,0.0,0.0,0.0,0.2110967305446021,9
right,16,ring_DIP,3939,0.39768156768489993,0.0,0.0,0.0,0.1326453686740803,7
right,17,pinky_CMC,3939,0.11464821098944679,0.0,0.0,0.0,0.0,1
right,18,pinky_MCP_FE,3939,0.4213064286557424,4.194458630579767e-05,0.008549668676750201,0.03404190361058761,0.10810762146195967,7
right,19,pinky_MCP_AA,3939,0.19268606888982656,0.0,0.0,0.0,0.0,1
right,20,pinky_PIP,3939,0.2051442296365439,0.0,0.0,0.014616365312079358,0.1197790580109503,9
right,21,pinky_DIP,3939,0.0963768426664926,0.0,0.0,0.0068667743788554305,0.05627225025590311,0
